{"accuracy": [0.5575000047683716, 0.6349999904632568, 0.6612499952316284, 0.6393749713897705, 0.6637499928474426, 0.6681249737739563, 0.6850000023841858, 0.6725000143051147, 0.6712499856948853, 0.6918749809265137, 0.6912500262260437, 0.6931250095367432, 0.6931250095367432, 0.6787499785423279, 0.6924999952316284, 0.6893749833106995, 0.7037500143051147, 0.7012500166893005, 0.6918749809265137, 0.7131249904632568, 0.6962500214576721, 0.7049999833106995, 0.6912500262260437], "loss": [1.0073633193969727, 0.9913896322250366, 0.9646784067153931, 0.9445448517799377, 0.9259176850318909, 0.9167918562889099, 0.9005522727966309, 0.8952133655548096, 0.8925138115882874, 0.8778306841850281, 0.8727636933326721, 0.8670755624771118, 0.8678174614906311, 0.8683798909187317, 0.8537830114364624, 0.8499241471290588, 0.8389809131622314, 0.8429399728775024, 0.844004213809967, 0.829067051410675, 0.8355016112327576, 0.8342399001121521, 0.8393562436103821], "val_accuracy": [0.6225000023841858, 0.6424999833106995, 0.5899999737739563, 0.6225000023841858, 0.6075000166893005, 0.6524999737739563, 0.6524999737739563, 0.6549999713897705, 0.6675000190734863, 0.6825000047683716, 0.6549999713897705, 0.6800000071525574, 0.6875, 0.6924999952316284, 0.7049999833106995, 0.7124999761581421, 0.6899999976158142, 0.7099999785423279, 0.7049999833106995, 0.7024999856948853, 0.6449999809265137, 0.699999988079071, 0.6399999856948853], "val_loss": [0.9995229840278625, 0.9755681753158569, 0.974397599697113, 0.9465842247009277, 0.9469081163406372, 0.9334321618080139, 0.923431932926178, 0.9130434393882751, 0.9029402732849121, 0.8902575969696045, 0.8909900188446045, 0.8817986249923706, 0.8747730851173401, 0.8661889433860779, 0.85528165102005, 0.8499334454536438, 0.8740703463554382, 0.8460695147514343, 0.8333767056465149, 0.8452108502388, 0.8994868993759155, 0.8488868474960327, 0.85484778881073]}